URL,최종 크롤링
https://livingcostcheck.com/salary-check/denver-co/15000,2026-01-18
https://www.livingcostcheck.com/salary-check/denver-co/45000,2026-01-17
https://livingcostcheck.com/salary-check/miami-fl/25000,2026-01-17
https://www.livingcostcheck.com/salary-check/dallas-tx/50000,2026-01-17
https://livingcostcheck.com/salary-check/austin-tx/35000,2026-01-17
https://livingcostcheck.com/salary-check/austin-tx/45000,2026-01-17
https://livingcostcheck.com/salary-check/miami-fl/35000,2026-01-17
https://www.livingcostcheck.com/salary-check/miami-fl/35000,2026-01-17
https://livingcostcheck.com/salary-check/denver-co/25000,2026-01-17
https://livingcostcheck.com/salary-check/charlotte-nc/25000,2026-01-17
http://www.livingcostcheck.com/,2026-01-17
https://www.livingcostcheck.com/,2026-01-17
https://livingcostcheck.com/salary-check/miami-fl/45000,2026-01-17
https://www.livingcostcheck.com/salary-check/los-angeles-ca/60000,2026-01-17
https://livingcostcheck.com/salary-check/dallas-tx/15000,2026-01-17
https://livingcostcheck.com/salary-check/dallas-tx/45000,2026-01-17
https://livingcostcheck.com/salary-check/boston-ma/35000,2026-01-17
https://livingcostcheck.com/salary-check/boston-ma/15000,2026-01-17
https://livingcostcheck.com/salary-check/dallas-tx/55000,2026-01-17
https://livingcostcheck.com/salary-check/nashville-tn/55000,2026-01-17
https://www.livingcostcheck.com/salary-check/new-york-ny/45000,2026-01-16
https://livingcostcheck.com/salary-check/chicago-il/55000,2026-01-16
https://livingcostcheck.com/salary-check/new-york-ny/25000,2026-01-16
https://livingcostcheck.com/salary-check/miami-fl/15000,2026-01-14
https://livingcostcheck.com/salary-check/austin-tx/25000,2026-01-14
https://livingcostcheck.com/salary-check/los-angeles-ca/35000,2026-01-14
https://www.livingcostcheck.com/salary-check/los-angeles-ca/35000,2026-01-14
https://livingcostcheck.com/salary-check/seattle-wa/55000,2026-01-14
https://www.livingcostcheck.com/salary-check/seattle-wa/55000,2026-01-14
https://livingcostcheck.com/salary-check/los-angeles-ca/55000,2026-01-14
https://www.livingcostcheck.com/salary-check/seattle-wa/20000,2026-01-14